{
    "agreement_rate": 0.7200000000000001,
    "ordinal_accuracy": 0.7943589743589744,
    "MAE": 0.8225641025641025,
    "MAPE": 0.4322393162393163,
    "RMSE": 1.6670819561138819,
    "QWK": 0.38734073032138094,
    "alpha": 0.3828277972108478,
    "icc_single": 0.3832508513304545,
    "icc_single_ci": [
        0.31,
        0.45
    ],
    "icc_avg": 0.6508641074387154,
    "icc_avg_ci": [
        0.58,
        0.71
    ]
}