{
    "agreement_rate": 0.7111111111111111,
    "ordinal_accuracy": 0.7999999999999999,
    "MAE": 0.7999999999999999,
    "MAPE": 0.3851111111111112,
    "RMSE": 1.6043830134381887,
    "QWK": 0.26686933495003035,
    "alpha": 0.2693242148834698,
    "icc_single": 0.2840712854873248,
    "icc_single_ci": [
        0.14,
        0.43
    ],
    "icc_avg": 0.5434543212051803,
    "icc_avg_ci": [
        0.33,
        0.7
    ]
}