{
    "agreement_rate": 0.9533333333333335,
    "ordinal_accuracy": 0.9766666666666667,
    "MAE": 0.09333333333333334,
    "MAPE": 0.042,
    "RMSE": 0.4942809041582063,
    "QWK": 0.36834094368340936,
    "alpha": 0.4636429085673147,
    "icc_single": 0.46420824295010854,
    "icc_single_ci": [
        0.29,
        0.62
    ],
    "icc_avg": 0.7221597300337458,
    "icc_avg_ci": [
        0.56,
        0.83
    ]
}