{
    "agreement_rate": 0.6299999999999999,
    "ordinal_accuracy": 0.7433333333333335,
    "MAE": 1.0266666666666666,
    "MAPE": 0.5425555555555556,
    "RMSE": 1.8399931796790323,
    "QWK": 0.35957040111734667,
    "alpha": 0.35483668236437693,
    "icc_single": 0.3636502520751645,
    "icc_single_ci": [
        0.24,
        0.49
    ],
    "icc_avg": 0.6315929125269025,
    "icc_avg_ci": [
        0.49,
        0.74
    ]
}