{
    "agreement_rate": 0.7000000000000001,
    "ordinal_accuracy": 0.75,
    "MAE": 1.0,
    "MAPE": 0.5523888888888889,
    "RMSE": 1.8475843126953102,
    "QWK": 0.26631415306102557,
    "alpha": 0.17682710516191236,
    "icc_single": 0.25504121963095433,
    "icc_single_ci": [
        0.13,
        0.39
    ],
    "icc_avg": 0.5066767475733555,
    "icc_avg_ci": [
        0.31,
        0.65
    ]
}