{
    "agreement_rate": 0.7015384615384616,
    "ordinal_accuracy": 0.7846153846153846,
    "MAE": 0.8615384615384616,
    "MAPE": 0.4076923076923077,
    "RMSE": 1.7222525500500345,
    "QWK": 0.3309186894292413,
    "alpha": 0.33138831535794744,
    "icc_single": 0.3314736774552381,
    "icc_single_ci": [
        0.23,
        0.42
    ],
    "icc_avg": 0.4979049651041737,
    "icc_avg_ci": [
        0.38,
        0.6
    ]
}