{
    "agreement_rate": 0.5138461538461538,
    "ordinal_accuracy": 0.7092307692307692,
    "MAE": 1.1630769230769231,
    "MAPE": 0.4396923076923077,
    "RMSE": 1.8712398193546602,
    "QWK": 0.2154920435599713,
    "alpha": 0.19755015297962586,
    "icc_single": 0.22629203772424922,
    "icc_single_ci": [
        0.12,
        0.33
    ],
    "icc_avg": 0.3690671239196849,
    "icc_avg_ci": [
        0.22,
        0.49
    ]
}