{
    "agreement_rate": 0.7046153846153846,
    "ordinal_accuracy": 0.7861538461538462,
    "MAE": 0.8553846153846154,
    "MAPE": 0.40564102564102567,
    "RMSE": 1.718675697694639,
    "QWK": 0.33413294291897333,
    "alpha": 0.33451823495231914,
    "icc_single": 0.334775970679679,
    "icc_single_ci": [
        0.23,
        0.43
    ],
    "icc_avg": 0.5016212128979342,
    "icc_avg_ci": [
        0.38,
        0.6
    ]
}