{
    "agreement_rate": 0.5846153846153846,
    "ordinal_accuracy": 0.666923076923077,
    "MAE": 1.3323076923076924,
    "MAPE": 0.45979487179487183,
    "RMSE": 2.197201016678335,
    "QWK": 0.17346497164243702,
    "alpha": 0.14136138457322345,
    "icc_single": 0.1880867936068276,
    "icc_single_ci": [
        0.08,
        0.29
    ],
    "icc_avg": 0.31662130177514786,
    "icc_avg_ci": [
        0.15,
        0.45
    ]
}