{
    "agreement_rate": 0.7107692307692308,
    "ordinal_accuracy": 0.7923076923076923,
    "MAE": 0.8307692307692308,
    "MAPE": 0.3985641025641026,
    "RMSE": 1.6934262037928631,
    "QWK": 0.3490389244206038,
    "alpha": 0.3494112231156774,
    "icc_single": 0.34971533896626283,
    "icc_single_ci": [
        0.25,
        0.44
    ],
    "icc_avg": 0.5182060674128625,
    "icc_avg_ci": [
        0.4,
        0.61
    ]
}