{
    "agreement_rate": 0.6984615384615385,
    "ordinal_accuracy": 0.7853846153846153,
    "MAE": 0.8584615384615385,
    "MAPE": 0.4066666666666666,
    "RMSE": 1.7177803208702882,
    "QWK": 0.3332199480995137,
    "alpha": 0.3336463156767753,
    "icc_single": 0.33382055414580597,
    "icc_single_ci": [
        0.23,
        0.43
    ],
    "icc_avg": 0.5005479231943437,
    "icc_avg_ci": [
        0.38,
        0.6
    ]
}