{
    "agreement_rate": 0.676923076923077,
    "ordinal_accuracy": 0.7484615384615385,
    "MAE": 1.0061538461538462,
    "MAPE": 0.42399999999999993,
    "RMSE": 1.9030340148138345,
    "QWK": 0.2608512504806568,
    "alpha": 0.25464242745947907,
    "icc_single": 0.266096349444138,
    "icc_single_ci": [
        0.16,
        0.36
    ],
    "icc_avg": 0.4203413895963983,
    "icc_avg_ci": [
        0.28,
        0.53
    ]
}