{
    "agreement_rate": 0.39692307692307693,
    "ordinal_accuracy": 0.49923076923076926,
    "MAE": 2.003076923076923,
    "MAPE": 0.6236410256410256,
    "RMSE": 2.694153213620476,
    "QWK": -0.016027437743595385,
    "alpha": -0.12881548882569316,
    "icc_single": -0.020099717467176394,
    "icc_single_ci": [
        -0.13,
        0.09
    ],
    "icc_avg": -0.04102400586154156,
    "icc_avg_ci": [
        -0.29,
        0.16
    ]
}