{
    "agreement_rate": 0.39384615384615385,
    "ordinal_accuracy": 0.49,
    "MAE": 2.04,
    "MAPE": 0.6298461538461538,
    "RMSE": 2.7327078709024692,
    "QWK": -0.025143320566290095,
    "alpha": -0.1443380757296493,
    "icc_single": -0.03187044907910796,
    "icc_single_ci": [
        -0.14,
        0.08
    ],
    "icc_avg": -0.06583922378733828,
    "icc_avg_ci": [
        -0.33,
        0.14
    ]
}