{
    "agreement_rate": 0.6215384615384615,
    "ordinal_accuracy": 0.7215384615384615,
    "MAE": 1.113846153846154,
    "MAPE": 0.5074871794871795,
    "RMSE": 1.9135146880905987,
    "QWK": 0.13652215459769868,
    "alpha": 0.13766190263510514,
    "icc_single": 0.13658192279686043,
    "icc_single_ci": [
        0.03,
        0.24
    ],
    "icc_avg": 0.24033801709737646,
    "icc_avg_ci": [
        0.06,
        0.39
    ]
}