{
    "agreement_rate": 0.44,
    "ordinal_accuracy": 0.5715384615384616,
    "MAE": 1.7138461538461538,
    "MAPE": 0.5548717948717948,
    "RMSE": 2.4286748523549915,
    "QWK": 0.028037572718749182,
    "alpha": -0.04114248988885927,
    "icc_single": 0.03244207288455025,
    "icc_single_ci": [
        -0.08,
        0.14
    ],
    "icc_avg": 0.06284531352719872,
    "icc_avg_ci": [
        -0.17,
        0.25
    ]
}