{
    "agreement_rate": 0.5784615384615385,
    "ordinal_accuracy": 0.7115384615384616,
    "MAE": 1.1538461538461537,
    "MAPE": 0.4720512820512821,
    "RMSE": 1.9915204859990385,
    "QWK": 0.15141884268458938,
    "alpha": 0.1412215425267085,
    "icc_single": 0.1555868224088981,
    "icc_single_ci": [
        0.05,
        0.26
    ],
    "icc_avg": 0.2692775988645612,
    "icc_avg_ci": [
        0.09,
        0.41
    ]
}