{
    "agreement_rate": 0.6492307692307693,
    "ordinal_accuracy": 0.7346153846153847,
    "MAE": 1.0615384615384615,
    "MAPE": 0.4298461538461538,
    "RMSE": 1.941450686788302,
    "QWK": 0.2443940443541882,
    "alpha": 0.2372697610474882,
    "icc_single": 0.24982248382953803,
    "icc_single_ci": [
        0.15,
        0.35
    ],
    "icc_avg": 0.399772747028947,
    "icc_avg_ci": [
        0.25,
        0.52
    ]
}