{
    "agreement_rate": 0.6584615384615384,
    "ordinal_accuracy": 0.7423076923076923,
    "MAE": 1.0307692307692307,
    "MAPE": 0.4327179487179487,
    "RMSE": 1.9127105213443927,
    "QWK": 0.251037412757512,
    "alpha": 0.24559156646647806,
    "icc_single": 0.25550676435427916,
    "icc_single_ci": [
        0.15,
        0.35
    ],
    "icc_avg": 0.4070177423308254,
    "icc_avg_ci": [
        0.26,
        0.52
    ]
}