{
    "agreement_rate": 0.6953846153846154,
    "ordinal_accuracy": 0.7723076923076924,
    "MAE": 0.9107692307692308,
    "MAPE": 0.5698461538461538,
    "RMSE": 1.7767732204541684,
    "QWK": 0.059098065994345195,
    "alpha": 0.043619765484514184,
    "icc_single": 0.061266637414070596,
    "icc_single_ci": [
        -0.05,
        0.17
    ],
    "icc_avg": 0.11545946184336033,
    "icc_avg_ci": [
        -0.1,
        0.29
    ]
}