{
    "agreement_rate": 0.48615384615384616,
    "ordinal_accuracy": 0.6307692307692307,
    "MAE": 1.476923076923077,
    "MAPE": 0.47087179487179487,
    "RMSE": 2.231246633266152,
    "QWK": 0.13809776693809583,
    "alpha": 0.0812319979281213,
    "icc_single": 0.15812844863180783,
    "icc_single_ci": [
        0.05,
        0.26
    ],
    "icc_avg": 0.27307583855420864,
    "icc_avg_ci": [
        0.1,
        0.42
    ]
}