{
    "agreement_rate": 0.5969230769230769,
    "ordinal_accuracy": 0.6738461538461539,
    "MAE": 1.3046153846153845,
    "MAPE": 0.5208205128205128,
    "RMSE": 2.1512071745167427,
    "QWK": 0.09331710900227774,
    "alpha": 0.08553869214914744,
    "icc_single": 0.0952276392601061,
    "icc_single_ci": [
        -0.01,
        0.2
    ],
    "icc_avg": 0.17389561009332866,
    "icc_avg_ci": [
        -0.03,
        0.34
    ]
}